{"cameraMode":{"drawMode":0,"name":"Shaded","section":"Shading Mode"},"sceneLighting":true,"audioPlay":false,"sceneViewState":{"m_AlwaysRefresh":false,"showFog":true,"showSkybox":true,"showFlares":true,"showImageEffects":true,"showParticleSystems":true,"showVisualEffectGraphs":true,"m_FxEnabled":true},"in2DMode":false,"pivot":{"x":0.35025691986083987,"y":-1.9857091903686524,"z":0.6548047065734863},"rotation":{"x":-0.09655225276947022,"y":0.8734900951385498,"z":-0.1933216154575348,"w":-0.4362550973892212},"size":16.36516571044922,"orthographic":false}